{
  "project_info": {
    "project_number": "119633959773",
    "firebase_url": "https://aquaculturewirelessmonitoring-default-rtdb.firebaseio.com",
    "project_id": "aquaculturewirelessmonitoring",
    "storage_bucket": "aquaculturewirelessmonitoring.appspot.com"
  },
  "client": [
    {
      "client_info": {
        "mobilesdk_app_id": "1:119633959773:android:309ee7b75227442421a6b4",
        "android_client_info": {
          "package_name": "com.example.aquaculturewirelessmonitoring"
        }
      },
      "oauth_client": [
        {
          "client_id": "119633959773-gt1hd21paigg7j0lc30n57n40d2gc0ko.apps.googleusercontent.com",
          "client_type": 3
        }
      ],
      "api_key": [
        {
          "current_key": "AIzaSyAfChw6YzH1Bt5Pr8M5bkbQEvSNSuAd3MY"
        }
      ],
      "services": {
        "appinvite_service": {
          "other_platform_oauth_client": [
            {
              "client_id": "119633959773-gt1hd21paigg7j0lc30n57n40d2gc0ko.apps.googleusercontent.com",
              "client_type": 3
            }
          ]
        }
      }
    },
    {
      "client_info": {
        "mobilesdk_app_id": "1:119633959773:android:424585e2ac92883a21a6b4",
        "android_client_info": {
          "package_name": "com.example.aquaculturewirelessmonitoring2"
        }
      },
      "oauth_client": [
        {
          "client_id": "119633959773-gt1hd21paigg7j0lc30n57n40d2gc0ko.apps.googleusercontent.com",
          "client_type": 3
        }
      ],
      "api_key": [
        {
          "current_key": "AIzaSyAfChw6YzH1Bt5Pr8M5bkbQEvSNSuAd3MY"
        }
      ],
      "services": {
        "appinvite_service": {
          "other_platform_oauth_client": [
            {
              "client_id": "119633959773-gt1hd21paigg7j0lc30n57n40d2gc0ko.apps.googleusercontent.com",
              "client_type": 3
            }
          ]
        }
      }
    }
  ],
  "configuration_version": "1"
}